class,question
Description, What is Solution Delivery Management ?
Description, What does Solution Delivery Management mean ?
Description, Tell me something about Solution Delivery Management ?
Description, Solution Delivery Management
Description, Explain Solution Delivery Management ?
Description, Elaborate Solution Delivery Management ?
Description, Can you tell me about Solution Delivery Management ?
Description, What do you know about Solution Delivery Management ?
Description, What can you tell me about Solution Delivery Management ?
Description, I want to know about Solution Delivery Management
Description, Do you have information about Solution Delivery Management ?
Description, What is SDM ?
Description, What does SDM mean ?
Description, Tell me something about SDM ?
Description, SDM
Description, Explain SDM ?
Description, Elaborate SDM ?
Description, Can you tell me about SDM ?
Description, What do you know about SDM ?
Description, What can you tell me about SDM ?
Description, I want to know about SDM
Description, Do you have information about SDM ?
Description, What is Continous Integration ?
Description, What does Continous Integration mean ?
Description, Tell me something about Continous Integration ?
Description, Continous Integration
Description, Explain Continous Integration ?
Description, Elaborate Continous Integration ?
Description, Can you tell me about Continous Integration ?
Description, What do you know about Continous Integration ?
Description, What can you tell me about Continous Integration ?
Description, I want to know about Continous Integration
Description, Do you have information about Continous Integration ?
Description, What is Continous Delivery ?
Description, What does Continous Delivery mean ?
Description, Tell me something about Continous Delivery ?
Description, Continous Delivery
Description, Explain Continous Delivery ?
Description, Elaborate Continous Delivery ?
Description, Can you tell me about Continous Delivery ?
Description, What do you know about Continous Delivery ?
Description, What can you tell me about Continous Delivery ?
Description, I want to know about Continous Delivery
Description, Do you have information about Continous Delivery ?
Description, What is CI ?
Description, What does CI mean ?
Description, Tell me something about CI ?
Description, CI
Description, Explain CI ?
Description, Elaborate CI ?
Description, Can you tell me about CI ?
Description, What do you know about CI ?
Description, What can you tell me about CI ?
Description, I want to know about CI
Description, Do you have information about CI ?
Description, What is CD ?
Description, What does CD mean ?
Description, Tell me something about CD ?
Description, CD
Description, Explain CD ?
Description, Elaborate CD ?
Description, Can you tell me about CD ?
Description, What do you know about CD ?
Description, What can you tell me about CD ?
Description, I want to know about CD
Description, Do you have information about CD ?
Description, What is Bitbucket ?
Description, What does Bitbucket mean ?
Description, Tell me something about Bitbucket ?
Description, Bitbucket
Description, Explain Bitbucket ?
Description, Elaborate Bitbucket ?
Description, Can you tell me about Bitbucket ?
Description, What do you know about Bitbucket ?
Description, What can you tell me about Bitbucket ?
Description, I want to know about Bitbucket
Description, Do you have information about Bitbucket ?
Description, What is Bitbucket Onboarding ?
Description, What does Bitbucket Onboarding mean ?
Description, Tell me something about Bitbucket Onboarding ?
Description, Bitbucket Onboarding
Description, Explain Bitbucket Onboarding ?
Description, Elaborate Bitbucket Onboarding ?
Description, Can you tell me about Bitbucket Onboarding ?
Description, What do you know about Bitbucket Onboarding ?
Description, What can you tell me about Bitbucket Onboarding ?
Description, I want to know about Bitbucket Onboarding
Description, Do you have information about Bitbucket Onboarding ?
Description, What is Bitbucket Repository New ?
Description, What does Bitbucket Repository New mean ?
Description, Tell me something about Bitbucket Repository New ?
Description, Bitbucket Repository New
Description, Explain Bitbucket Repository New ?
Description, Elaborate Bitbucket Repository New ?
Description, Can you tell me about Bitbucket Repository New ?
Description, What do you know about Bitbucket Repository New ?
Description, What can you tell me about Bitbucket Repository New ?
Description, I want to know about Bitbucket Repository New
Description, Do you have information about Bitbucket Repository New ?
Description, What is Repository Access ?
Description, What does Repository Access mean ?
Description, Tell me something about Repository Access ?
Description, Repository Access
Description, Explain Repository Access ?
Description, Elaborate Repository Access ?
Description, Can you tell me about Repository Access ?
Description, What do you know about Repository Access ?
Description, What can you tell me about Repository Access ?
Description, I want to know about Repository Access
Description, Do you have information about Repository Access ?
Description, What is Repository Write Access ?
Description, What does Repository Write Access mean ?
Description, Tell me something about Repository Write Access ?
Description, Repository Write Access
Description, Explain Repository Write Access ?
Description, Elaborate Repository Write Access ?
Description, Can you tell me about Repository Write Access ?
Description, What do you know about Repository Write Access ?
Description, What can you tell me about Repository Write Access ?
Description, I want to know about Repository Write Access
Description, Do you have information about Repository Write Access ?
Description, What is Repository Admin ?
Description, What does Repository Admin mean ?
Description, Tell me something about Repository Admin ?
Description, Repository Admin
Description, Explain Repository Admin ?
Description, Elaborate Repository Admin ?
Description, Can you tell me about Repository Admin ?
Description, What do you know about Repository Admin ?
Description, What can you tell me about Repository Admin ?
Description, I want to know about Repository Admin
Description, Do you have information about Repository Admin ?
Description, What is Bitbucket Repository SSH Public Key Setup ?
Description, What does Bitbucket Repository SSH Public Key Setup mean ?
Description, Tell me something about Bitbucket Repository SSH Public Key Setup ?
Description, Bitbucket Repository SSH Public Key Setup
Description, Explain Bitbucket Repository SSH Public Key Setup ?
Description, Elaborate Bitbucket Repository SSH Public Key Setup ?
Description, Can you tell me about Bitbucket Repository SSH Public Key Setup ?
Description, What do you know about Bitbucket Repository SSH Public Key Setup ?
Description, What can you tell me about Bitbucket Repository SSH Public Key Setup ?
Description, I want to know about Bitbucket Repository SSH Public Key Setup
Description, Do you have information about Bitbucket Repository SSH Public Key Setup ?
Description, What is Bitbucket Repository Pull Request ?
Description, What does Bitbucket Repository Pull Request mean ?
Description, Tell me something about Bitbucket Repository Pull Request ?
Description, Bitbucket Repository Pull Request
Description, Explain Bitbucket Repository Pull Request ?
Description, Elaborate Bitbucket Repository Pull Request ?
Description, Can you tell me about Bitbucket Repository Pull Request ?
Description, What do you know about Bitbucket Repository Pull Request ?
Description, What can you tell me about Bitbucket Repository Pull Request ?
Description, I want to know about Bitbucket Repository Pull Request
Description, Do you have information about Bitbucket Repository Pull Request ?
Description, What is Artifactory ?
Description, What does Artifactory mean ?
Description, Tell me something about Artifactory ?
Description, Artifactory
Description, Explain Artifactory ?
Description, Elaborate Artifactory ?
Description, Can you tell me about Artifactory ?
Description, What do you know about Artifactory ?
Description, What can you tell me about Artifactory ?
Description, I want to know about Artifactory
Description, Do you have information about Artifactory ?
Description, What is Artifactory Onboarding ?
Description, What does Artifactory Onboarding mean ?
Description, Tell me something about Artifactory Onboarding ?
Description, Artifactory Onboarding
Description, Explain Artifactory Onboarding ?
Description, Elaborate Artifactory Onboarding ?
Description, Can you tell me about Artifactory Onboarding ?
Description, What do you know about Artifactory Onboarding ?
Description, What can you tell me about Artifactory Onboarding ?
Description, I want to know about Artifactory Onboarding
Description, Do you have information about Artifactory Onboarding ?
Description, What is Artifactory Repository Types ?
Description, What does Artifactory Repository Types mean ?
Description, Tell me something about Artifactory Repository Types ?
Description, Artifactory Repository Types
Description, Explain Artifactory Repository Types ?
Description, Elaborate Artifactory Repository Types ?
Description, Can you tell me about Artifactory Repository Types ?
Description, What do you know about Artifactory Repository Types ?
Description, What can you tell me about Artifactory Repository Types ?
Description, I want to know about Artifactory Repository Types
Description, Do you have information about Artifactory Repository Types ?
Description, What is Artifactory Repository URL ?
Description, What does Artifactory Repository URL mean ?
Description, Tell me something about Artifactory Repository URL ?
Description, Artifactory Repository URL
Description, Explain Artifactory Repository URL ?
Description, Elaborate Artifactory Repository URL ?
Description, Can you tell me about Artifactory Repository URL ?
Description, What do you know about Artifactory Repository URL ?
Description, What can you tell me about Artifactory Repository URL ?
Description, I want to know about Artifactory Repository URL
Description, Do you have information about Artifactory Repository URL ?
Description, What is Artifact Latest Version ?
Description, What does Artifact Latest Version mean ?
Description, Tell me something about Artifact Latest Version ?
Description, Artifact Latest Version
Description, Explain Artifact Latest Version ?
Description, Elaborate Artifact Latest Version ?
Description, Can you tell me about Artifact Latest Version ?
Description, What do you know about Artifact Latest Version ?
Description, What can you tell me about Artifact Latest Version ?
Description, I want to know about Artifact Latest Version
Description, Do you have information about Artifact Latest Version ?
Description, What is Ansible Tower ?
Description, What does Ansible Tower mean ?
Description, Tell me something about Ansible Tower ?
Description, Ansible Tower
Description, Explain Ansible Tower ?
Description, Elaborate Ansible Tower ?
Description, Can you tell me about Ansible Tower ?
Description, What do you know about Ansible Tower ?
Description, What can you tell me about Ansible Tower ?
Description, I want to know about Ansible Tower
Description, Do you have information about Ansible Tower ?
Description, What is Ansible Tower Onboarding ?
Description, What does Ansible Tower Onboarding mean ?
Description, Tell me something about Ansible Tower Onboarding ?
Description, Ansible Tower Onboarding
Description, Explain Ansible Tower Onboarding ?
Description, Elaborate Ansible Tower Onboarding ?
Description, Can you tell me about Ansible Tower Onboarding ?
Description, What do you know about Ansible Tower Onboarding ?
Description, What can you tell me about Ansible Tower Onboarding ?
Description, I want to know about Ansible Tower Onboarding
Description, Do you have information about Ansible Tower Onboarding ?
Description, What is Ansible ?
Description, What does Ansible mean ?
Description, Tell me something about Ansible ?
Description, Ansible
Description, Explain Ansible ?
Description, Elaborate Ansible ?
Description, Can you tell me about Ansible ?
Description, What do you know about Ansible ?
Description, What can you tell me about Ansible ?
Description, I want to know about Ansible
Description, Do you have information about Ansible ?
Description, What is Ansible vault ?
Description, What does Ansible vault mean ?
Description, Tell me something about Ansible vault ?
Description, Ansible vault
Description, Explain Ansible vault ?
Description, Elaborate Ansible vault ?
Description, Can you tell me about Ansible vault ?
Description, What do you know about Ansible vault ?
Description, What can you tell me about Ansible vault ?
Description, I want to know about Ansible vault
Description, Do you have information about Ansible vault ?
Description, What is Ansible Tower UAT ?
Description, What does Ansible Tower UAT mean ?
Description, Tell me something about Ansible Tower UAT ?
Description, Ansible Tower UAT
Description, Explain Ansible Tower UAT ?
Description, Elaborate Ansible Tower UAT ?
Description, Can you tell me about Ansible Tower UAT ?
Description, What do you know about Ansible Tower UAT ?
Description, What can you tell me about Ansible Tower UAT ?
Description, I want to know about Ansible Tower UAT
Description, Do you have information about Ansible Tower UAT ?
Description, What is Ansible Tower Dev ?
Description, What does Ansible Tower Dev mean ?
Description, Tell me something about Ansible Tower Dev ?
Description, Ansible Tower Dev
Description, Explain Ansible Tower Dev ?
Description, Elaborate Ansible Tower Dev ?
Description, Can you tell me about Ansible Tower Dev ?
Description, What do you know about Ansible Tower Dev ?
Description, What can you tell me about Ansible Tower Dev ?
Description, I want to know about Ansible Tower Dev
Description, Do you have information about Ansible Tower Dev ?
Description, What is Jenkins ?
Description, What does Jenkins mean ?
Description, Tell me something about Jenkins ?
Description, Jenkins
Description, Explain Jenkins ?
Description, Elaborate Jenkins ?
Description, Can you tell me about Jenkins ?
Description, What do you know about Jenkins ?
Description, What can you tell me about Jenkins ?
Description, I want to know about Jenkins
Description, Do you have information about Jenkins ?
Description, What is Jenkins Pipeline ?
Description, What does Jenkins Pipeline mean ?
Description, Tell me something about Jenkins Pipeline ?
Description, Jenkins Pipeline
Description, Explain Jenkins Pipeline ?
Description, Elaborate Jenkins Pipeline ?
Description, Can you tell me about Jenkins Pipeline ?
Description, What do you know about Jenkins Pipeline ?
Description, What can you tell me about Jenkins Pipeline ?
Description, I want to know about Jenkins Pipeline
Description, Do you have information about Jenkins Pipeline ?
Description, What is Jenkins Pipelien Onboarding ?
Description, What does Jenkins Pipelien Onboarding mean ?
Description, Tell me something about Jenkins Pipelien Onboarding ?
Description, Jenkins Pipelien Onboarding
Description, Explain Jenkins Pipelien Onboarding ?
Description, Elaborate Jenkins Pipelien Onboarding ?
Description, Can you tell me about Jenkins Pipelien Onboarding ?
Description, What do you know about Jenkins Pipelien Onboarding ?
Description, What can you tell me about Jenkins Pipelien Onboarding ?
Description, I want to know about Jenkins Pipelien Onboarding
Description, Do you have information about Jenkins Pipelien Onboarding ?
Description, What is Jenkins File ?
Description, What does Jenkins File mean ?
Description, Tell me something about Jenkins File ?
Description, Jenkins File
Description, Explain Jenkins File ?
Description, Elaborate Jenkins File ?
Description, Can you tell me about Jenkins File ?
Description, What do you know about Jenkins File ?
Description, What can you tell me about Jenkins File ?
Description, I want to know about Jenkins File
Description, Do you have information about Jenkins File ?
Description, What is Jenkins pipeline for gradle ?
Description, What does Jenkins pipeline for gradle mean ?
Description, Tell me something about Jenkins pipeline for gradle ?
Description, Jenkins pipeline for gradle
Description, Explain Jenkins pipeline for gradle ?
Description, Elaborate Jenkins pipeline for gradle ?
Description, Can you tell me about Jenkins pipeline for gradle ?
Description, What do you know about Jenkins pipeline for gradle ?
Description, What can you tell me about Jenkins pipeline for gradle ?
Description, I want to know about Jenkins pipeline for gradle
Description, Do you have information about Jenkins pipeline for gradle ?
Description, What is Jenkins pipeline for Maven ?
Description, What does Jenkins pipeline for Maven mean ?
Description, Tell me something about Jenkins pipeline for Maven ?
Description, Jenkins pipeline for Maven
Description, Explain Jenkins pipeline for Maven ?
Description, Elaborate Jenkins pipeline for Maven ?
Description, Can you tell me about Jenkins pipeline for Maven ?
Description, What do you know about Jenkins pipeline for Maven ?
Description, What can you tell me about Jenkins pipeline for Maven ?
Description, I want to know about Jenkins pipeline for Maven
Description, Do you have information about Jenkins pipeline for Maven ?
Description, What is Jenkins pipeline for Ant ?
Description, What does Jenkins pipeline for Ant mean ?
Description, Tell me something about Jenkins pipeline for Ant ?
Description, Jenkins pipeline for Ant
Description, Explain Jenkins pipeline for Ant ?
Description, Elaborate Jenkins pipeline for Ant ?
Description, Can you tell me about Jenkins pipeline for Ant ?
Description, What do you know about Jenkins pipeline for Ant ?
Description, What can you tell me about Jenkins pipeline for Ant ?
Description, I want to know about Jenkins pipeline for Ant
Description, Do you have information about Jenkins pipeline for Ant ?
Description, What is Jenkins pipeline for SBT ?
Description, What does Jenkins pipeline for SBT mean ?
Description, Tell me something about Jenkins pipeline for SBT ?
Description, Jenkins pipeline for SBT
Description, Explain Jenkins pipeline for SBT ?
Description, Elaborate Jenkins pipeline for SBT ?
Description, Can you tell me about Jenkins pipeline for SBT ?
Description, What do you know about Jenkins pipeline for SBT ?
Description, What can you tell me about Jenkins pipeline for SBT ?
Description, I want to know about Jenkins pipeline for SBT
Description, Do you have information about Jenkins pipeline for SBT ?
Description, What is Jenkins pipeline for .NET ?
Description, What does Jenkins pipeline for .NET mean ?
Description, Tell me something about Jenkins pipeline for .NET ?
Description, Jenkins pipeline for .NET
Description, Explain Jenkins pipeline for .NET ?
Description, Elaborate Jenkins pipeline for .NET ?
Description, Can you tell me about Jenkins pipeline for .NET ?
Description, What do you know about Jenkins pipeline for .NET ?
Description, What can you tell me about Jenkins pipeline for .NET ?
Description, I want to know about Jenkins pipeline for .NET
Description, Do you have information about Jenkins pipeline for .NET ?
Description, What is Jenkins pipeline for Node ?
Description, What does Jenkins pipeline for Node mean ?
Description, Tell me something about Jenkins pipeline for Node ?
Description, Jenkins pipeline for Node
Description, Explain Jenkins pipeline for Node ?
Description, Elaborate Jenkins pipeline for Node ?
Description, Can you tell me about Jenkins pipeline for Node ?
Description, What do you know about Jenkins pipeline for Node ?
Description, What can you tell me about Jenkins pipeline for Node ?
Description, I want to know about Jenkins pipeline for Node
Description, Do you have information about Jenkins pipeline for Node ?
Description, What is Software Product Key ?
Description, What does Software Product Key mean ?
Description, Tell me something about Software Product Key ?
Description, Software Product Key
Description, Explain Software Product Key ?
Description, Elaborate Software Product Key ?
Description, Can you tell me about Software Product Key ?
Description, What do you know about Software Product Key ?
Description, What can you tell me about Software Product Key ?
Description, I want to know about Software Product Key
Description, Do you have information about Software Product Key ?
Description, What is SPK ?
Description, What does SPK mean ?
Description, Tell me something about SPK ?
Description, SPK
Description, Explain SPK ?
Description, Elaborate SPK ?
Description, Can you tell me about SPK ?
Description, What do you know about SPK ?
Description, What can you tell me about SPK ?
Description, I want to know about SPK
Description, Do you have information about SPK ?
Description, What is Onboarding of SCALA application ?
Description, What does Onboarding of SCALA application mean ?
Description, Tell me something about Onboarding of SCALA application ?
Description, Onboarding of SCALA application
Description, Explain Onboarding of SCALA application ?
Description, Elaborate Onboarding of SCALA application ?
Description, Can you tell me about Onboarding of SCALA application ?
Description, What do you know about Onboarding of SCALA application ?
Description, What can you tell me about Onboarding of SCALA application ?
Description, I want to know about Onboarding of SCALA application
Description, Do you have information about Onboarding of SCALA application ?
Description, What is Onboarding of JAVA application ?
Description, What does Onboarding of JAVA application mean ?
Description, Tell me something about Onboarding of JAVA application ?
Description, Onboarding of JAVA application
Description, Explain Onboarding of JAVA application ?
Description, Elaborate Onboarding of JAVA application ?
Description, Can you tell me about Onboarding of JAVA application ?
Description, What do you know about Onboarding of JAVA application ?
Description, What can you tell me about Onboarding of JAVA application ?
Description, I want to know about Onboarding of JAVA application
Description, Do you have information about Onboarding of JAVA application ?
Description, What is Deploy application ?
Description, What does Deploy application mean ?
Description, Tell me something about Deploy application ?
Description, Deploy application
Description, Explain Deploy application ?
Description, Elaborate Deploy application ?
Description, Can you tell me about Deploy application ?
Description, What do you know about Deploy application ?
Description, What can you tell me about Deploy application ?
Description, I want to know about Deploy application
Description, Do you have information about Deploy application ?
Description, What is Trigger build job ?
Description, What does Trigger build job mean ?
Description, Tell me something about Trigger build job ?
Description, Trigger build job
Description, Explain Trigger build job ?
Description, Elaborate Trigger build job ?
Description, Can you tell me about Trigger build job ?
Description, What do you know about Trigger build job ?
Description, What can you tell me about Trigger build job ?
Description, I want to know about Trigger build job
Description, Do you have information about Trigger build job ?
Description, What is Onboarding Process for an application ?
Description, What does Onboarding Process for an application mean ?
Description, Tell me something about Onboarding Process for an application ?
Description, Onboarding Process for an application
Description, Explain Onboarding Process for an application ?
Description, Elaborate Onboarding Process for an application ?
Description, Can you tell me about Onboarding Process for an application ?
Description, What do you know about Onboarding Process for an application ?
Description, What can you tell me about Onboarding Process for an application ?
Description, I want to know about Onboarding Process for an application
Description, Do you have information about Onboarding Process for an application ?
Description, What is Jira ?
Description, What does Jira mean ?
Description, Tell me something about Jira ?
Description, Jira
Description, Explain Jira ?
Description, Elaborate Jira ?
Description, Can you tell me about Jira ?
Description, What do you know about Jira ?
Description, What can you tell me about Jira ?
Description, I want to know about Jira
Description, Do you have information about Jira ?
Description, What is Create Jira ticket ?
Description, What does Create Jira ticket mean ?
Description, Tell me something about Create Jira ticket ?
Description, Create Jira ticket
Description, Explain Create Jira ticket ?
Description, Elaborate Create Jira ticket ?
Description, Can you tell me about Create Jira ticket ?
Description, What do you know about Create Jira ticket ?
Description, What can you tell me about Create Jira ticket ?
Description, I want to know about Create Jira ticket
Description, Do you have information about Create Jira ticket ?
Description, What is Edit Jira ticket ?
Description, What does Edit Jira ticket mean ?
Description, Tell me something about Edit Jira ticket ?
Description, Edit Jira ticket
Description, Explain Edit Jira ticket ?
Description, Elaborate Edit Jira ticket ?
Description, Can you tell me about Edit Jira ticket ?
Description, What do you know about Edit Jira ticket ?
Description, What can you tell me about Edit Jira ticket ?
Description, I want to know about Edit Jira ticket
Description, Do you have information about Edit Jira ticket ?
Solution, How to implement Solution Delivery Management ?
Solution, How to resolve Solution Delivery Management ?
Solution, Solution for Solution Delivery Management
Solution, Provide me some Solution for Solution Delivery Management
Solution, Solution Solution Delivery Management
Solution, How to onboard Solution Delivery Management
Solution, How to implement SDM ?
Solution, How to resolve SDM ?
Solution, Solution for SDM
Solution, Provide me some Solution for SDM
Solution, Solution SDM
Solution, How to onboard SDM
Solution, How to implement Continous Integration ?
Solution, How to resolve Continous Integration ?
Solution, Solution for Continous Integration
Solution, Provide me some Solution for Continous Integration
Solution, Solution Continous Integration
Solution, How to onboard Continous Integration
Solution, How to implement Continous Delivery ?
Solution, How to resolve Continous Delivery ?
Solution, Solution for Continous Delivery
Solution, Provide me some Solution for Continous Delivery
Solution, Solution Continous Delivery
Solution, How to onboard Continous Delivery
Solution, How to implement CI ?
Solution, How to resolve CI ?
Solution, Solution for CI
Solution, Provide me some Solution for CI
Solution, Solution CI
Solution, How to onboard CI
Solution, How to implement CD ?
Solution, How to resolve CD ?
Solution, Solution for CD
Solution, Provide me some Solution for CD
Solution, Solution CD
Solution, How to onboard CD
Solution, How to implement Bitbucket ?
Solution, How to resolve Bitbucket ?
Solution, Solution for Bitbucket
Solution, Provide me some Solution for Bitbucket
Solution, Solution Bitbucket
Solution, How to onboard Bitbucket
Solution, How to implement Bitbucket Onboarding ?
Solution, How to resolve Bitbucket Onboarding ?
Solution, Solution for Bitbucket Onboarding
Solution, Provide me some Solution for Bitbucket Onboarding
Solution, Solution Bitbucket Onboarding
Solution, How to onboard Bitbucket Onboarding
Solution, How to implement Bitbucket Repository New ?
Solution, How to resolve Bitbucket Repository New ?
Solution, Solution for Bitbucket Repository New
Solution, Provide me some Solution for Bitbucket Repository New
Solution, Solution Bitbucket Repository New
Solution, How to onboard Bitbucket Repository New
Solution, How to implement Repository Access ?
Solution, How to resolve Repository Access ?
Solution, Solution for Repository Access
Solution, Provide me some Solution for Repository Access
Solution, Solution Repository Access
Solution, How to onboard Repository Access
Solution, How to implement Repository Write Access ?
Solution, How to resolve Repository Write Access ?
Solution, Solution for Repository Write Access
Solution, Provide me some Solution for Repository Write Access
Solution, Solution Repository Write Access
Solution, How to onboard Repository Write Access
Solution, How to implement Repository Admin ?
Solution, How to resolve Repository Admin ?
Solution, Solution for Repository Admin
Solution, Provide me some Solution for Repository Admin
Solution, Solution Repository Admin
Solution, How to onboard Repository Admin
Solution, How to implement Bitbucket Repository SSH Public Key Setup ?
Solution, How to resolve Bitbucket Repository SSH Public Key Setup ?
Solution, Solution for Bitbucket Repository SSH Public Key Setup
Solution, Provide me some Solution for Bitbucket Repository SSH Public Key Setup
Solution, Solution Bitbucket Repository SSH Public Key Setup
Solution, How to onboard Bitbucket Repository SSH Public Key Setup
Solution, How to implement Bitbucket Repository Pull Request ?
Solution, How to resolve Bitbucket Repository Pull Request ?
Solution, Solution for Bitbucket Repository Pull Request
Solution, Provide me some Solution for Bitbucket Repository Pull Request
Solution, Solution Bitbucket Repository Pull Request
Solution, How to onboard Bitbucket Repository Pull Request
Solution, How to implement Artifactory ?
Solution, How to resolve Artifactory ?
Solution, Solution for Artifactory
Solution, Provide me some Solution for Artifactory
Solution, Solution Artifactory
Solution, How to onboard Artifactory
Solution, How to implement Artifactory Onboarding ?
Solution, How to resolve Artifactory Onboarding ?
Solution, Solution for Artifactory Onboarding
Solution, Provide me some Solution for Artifactory Onboarding
Solution, Solution Artifactory Onboarding
Solution, How to onboard Artifactory Onboarding
Solution, How to implement Artifactory Repository Types ?
Solution, How to resolve Artifactory Repository Types ?
Solution, Solution for Artifactory Repository Types
Solution, Provide me some Solution for Artifactory Repository Types
Solution, Solution Artifactory Repository Types
Solution, How to onboard Artifactory Repository Types
Solution, How to implement Artifactory Repository URL ?
Solution, How to resolve Artifactory Repository URL ?
Solution, Solution for Artifactory Repository URL
Solution, Provide me some Solution for Artifactory Repository URL
Solution, Solution Artifactory Repository URL
Solution, How to onboard Artifactory Repository URL
Solution, How to implement Artifact Latest Version ?
Solution, How to resolve Artifact Latest Version ?
Solution, Solution for Artifact Latest Version
Solution, Provide me some Solution for Artifact Latest Version
Solution, Solution Artifact Latest Version
Solution, How to onboard Artifact Latest Version
Solution, How to implement Ansible Tower ?
Solution, How to resolve Ansible Tower ?
Solution, Solution for Ansible Tower
Solution, Provide me some Solution for Ansible Tower
Solution, Solution Ansible Tower
Solution, How to onboard Ansible Tower
Solution, How to implement Ansible Tower Onboarding ?
Solution, How to resolve Ansible Tower Onboarding ?
Solution, Solution for Ansible Tower Onboarding
Solution, Provide me some Solution for Ansible Tower Onboarding
Solution, Solution Ansible Tower Onboarding
Solution, How to onboard Ansible Tower Onboarding
Solution, How to implement Ansible ?
Solution, How to resolve Ansible ?
Solution, Solution for Ansible
Solution, Provide me some Solution for Ansible
Solution, Solution Ansible
Solution, How to onboard Ansible
Solution, How to implement Ansible vault ?
Solution, How to resolve Ansible vault ?
Solution, Solution for Ansible vault
Solution, Provide me some Solution for Ansible vault
Solution, Solution Ansible vault
Solution, How to onboard Ansible vault
Solution, How to implement Ansible Tower UAT ?
Solution, How to resolve Ansible Tower UAT ?
Solution, Solution for Ansible Tower UAT
Solution, Provide me some Solution for Ansible Tower UAT
Solution, Solution Ansible Tower UAT
Solution, How to onboard Ansible Tower UAT
Solution, How to implement Ansible Tower Dev ?
Solution, How to resolve Ansible Tower Dev ?
Solution, Solution for Ansible Tower Dev
Solution, Provide me some Solution for Ansible Tower Dev
Solution, Solution Ansible Tower Dev
Solution, How to onboard Ansible Tower Dev
Solution, How to implement Jenkins ?
Solution, How to resolve Jenkins ?
Solution, Solution for Jenkins
Solution, Provide me some Solution for Jenkins
Solution, Solution Jenkins
Solution, How to onboard Jenkins
Solution, How to implement Jenkins Pipeline ?
Solution, How to resolve Jenkins Pipeline ?
Solution, Solution for Jenkins Pipeline
Solution, Provide me some Solution for Jenkins Pipeline
Solution, Solution Jenkins Pipeline
Solution, How to onboard Jenkins Pipeline
Solution, How to implement Jenkins Pipelien Onboarding ?
Solution, How to resolve Jenkins Pipelien Onboarding ?
Solution, Solution for Jenkins Pipelien Onboarding
Solution, Provide me some Solution for Jenkins Pipelien Onboarding
Solution, Solution Jenkins Pipelien Onboarding
Solution, How to onboard Jenkins Pipelien Onboarding
Solution, How to implement Jenkins File ?
Solution, How to resolve Jenkins File ?
Solution, Solution for Jenkins File
Solution, Provide me some Solution for Jenkins File
Solution, Solution Jenkins File
Solution, How to onboard Jenkins File
Solution, How to implement Jenkins pipeline for gradle ?
Solution, How to resolve Jenkins pipeline for gradle ?
Solution, Solution for Jenkins pipeline for gradle
Solution, Provide me some Solution for Jenkins pipeline for gradle
Solution, Solution Jenkins pipeline for gradle
Solution, How to onboard Jenkins pipeline for gradle
Solution, How to implement Jenkins pipeline for Maven ?
Solution, How to resolve Jenkins pipeline for Maven ?
Solution, Solution for Jenkins pipeline for Maven
Solution, Provide me some Solution for Jenkins pipeline for Maven
Solution, Solution Jenkins pipeline for Maven
Solution, How to onboard Jenkins pipeline for Maven
Solution, How to implement Jenkins pipeline for Ant ?
Solution, How to resolve Jenkins pipeline for Ant ?
Solution, Solution for Jenkins pipeline for Ant
Solution, Provide me some Solution for Jenkins pipeline for Ant
Solution, Solution Jenkins pipeline for Ant
Solution, How to onboard Jenkins pipeline for Ant
Solution, How to implement Jenkins pipeline for SBT ?
Solution, How to resolve Jenkins pipeline for SBT ?
Solution, Solution for Jenkins pipeline for SBT
Solution, Provide me some Solution for Jenkins pipeline for SBT
Solution, Solution Jenkins pipeline for SBT
Solution, How to onboard Jenkins pipeline for SBT
Solution, How to implement Jenkins pipeline for .NET ?
Solution, How to resolve Jenkins pipeline for .NET ?
Solution, Solution for Jenkins pipeline for .NET
Solution, Provide me some Solution for Jenkins pipeline for .NET
Solution, Solution Jenkins pipeline for .NET
Solution, How to onboard Jenkins pipeline for .NET
Solution, How to implement Jenkins pipeline for Node ?
Solution, How to resolve Jenkins pipeline for Node ?
Solution, Solution for Jenkins pipeline for Node
Solution, Provide me some Solution for Jenkins pipeline for Node
Solution, Solution Jenkins pipeline for Node
Solution, How to onboard Jenkins pipeline for Node
Solution, How to implement Software Product Key ?
Solution, How to resolve Software Product Key ?
Solution, Solution for Software Product Key
Solution, Provide me some Solution for Software Product Key
Solution, Solution Software Product Key
Solution, How to onboard Software Product Key
Solution, How to implement SPK ?
Solution, How to resolve SPK ?
Solution, Solution for SPK
Solution, Provide me some Solution for SPK
Solution, Solution SPK
Solution, How to onboard SPK
Solution, How to implement Onboarding of SCALA application ?
Solution, How to resolve Onboarding of SCALA application ?
Solution, Solution for Onboarding of SCALA application
Solution, Provide me some Solution for Onboarding of SCALA application
Solution, Solution Onboarding of SCALA application
Solution, How to onboard Onboarding of SCALA application
Solution, How to implement Onboarding of JAVA application ?
Solution, How to resolve Onboarding of JAVA application ?
Solution, Solution for Onboarding of JAVA application
Solution, Provide me some Solution for Onboarding of JAVA application
Solution, Solution Onboarding of JAVA application
Solution, How to onboard Onboarding of JAVA application
Solution, How to implement Deploy application ?
Solution, How to resolve Deploy application ?
Solution, Solution for Deploy application
Solution, Provide me some Solution for Deploy application
Solution, Solution Deploy application
Solution, How to onboard Deploy application
Solution, How to implement Trigger build job ?
Solution, How to resolve Trigger build job ?
Solution, Solution for Trigger build job
Solution, Provide me some Solution for Trigger build job
Solution, Solution Trigger build job
Solution, How to onboard Trigger build job
Solution, How to implement Onboarding Process for an application ?
Solution, How to resolve Onboarding Process for an application ?
Solution, Solution for Onboarding Process for an application
Solution, Provide me some Solution for Onboarding Process for an application
Solution, Solution Onboarding Process for an application
Solution, How to onboard Onboarding Process for an application
Solution, How to implement Jira ?
Solution, How to resolve Jira ?
Solution, Solution for Jira
Solution, Provide me some Solution for Jira
Solution, Solution Jira
Solution, How to onboard Jira
Solution, How to implement Create Jira ticket ?
Solution, How to resolve Create Jira ticket ?
Solution, Solution for Create Jira ticket
Solution, Provide me some Solution for Create Jira ticket
Solution, Solution Create Jira ticket
Solution, How to onboard Create Jira ticket
Solution, How to implement Edit Jira ticket ?
Solution, How to resolve Edit Jira ticket ?
Solution, Solution for Edit Jira ticket
Solution, Provide me some Solution for Edit Jira ticket
Solution, Solution Edit Jira ticket
Solution, How to onboard Edit Jira ticket
Code, Give me some sample code of Solution Delivery Management
Code, Code example of Solution Delivery Management ?
Code, Code of Solution Delivery Management
Code, Give me some sample code of SDM
Code, Code example of SDM ?
Code, Code of SDM
Code, Give me some sample code of Continous Integration
Code, Code example of Continous Integration ?
Code, Code of Continous Integration
Code, Give me some sample code of Continous Delivery
Code, Code example of Continous Delivery ?
Code, Code of Continous Delivery
Code, Give me some sample code of CI
Code, Code example of CI ?
Code, Code of CI
Code, Give me some sample code of CD
Code, Code example of CD ?
Code, Code of CD
Code, Give me some sample code of Bitbucket
Code, Code example of Bitbucket ?
Code, Code of Bitbucket
Code, Give me some sample code of Bitbucket Onboarding
Code, Code example of Bitbucket Onboarding ?
Code, Code of Bitbucket Onboarding
Code, Give me some sample code of Bitbucket Repository New
Code, Code example of Bitbucket Repository New ?
Code, Code of Bitbucket Repository New
Code, Give me some sample code of Repository Access
Code, Code example of Repository Access ?
Code, Code of Repository Access
Code, Give me some sample code of Repository Write Access
Code, Code example of Repository Write Access ?
Code, Code of Repository Write Access
Code, Give me some sample code of Repository Admin
Code, Code example of Repository Admin ?
Code, Code of Repository Admin
Code, Give me some sample code of Bitbucket Repository SSH Public Key Setup
Code, Code example of Bitbucket Repository SSH Public Key Setup ?
Code, Code of Bitbucket Repository SSH Public Key Setup
Code, Give me some sample code of Bitbucket Repository Pull Request
Code, Code example of Bitbucket Repository Pull Request ?
Code, Code of Bitbucket Repository Pull Request
Code, Give me some sample code of Artifactory
Code, Code example of Artifactory ?
Code, Code of Artifactory
Code, Give me some sample code of Artifactory Onboarding
Code, Code example of Artifactory Onboarding ?
Code, Code of Artifactory Onboarding
Code, Give me some sample code of Artifactory Repository Types
Code, Code example of Artifactory Repository Types ?
Code, Code of Artifactory Repository Types
Code, Give me some sample code of Artifactory Repository URL
Code, Code example of Artifactory Repository URL ?
Code, Code of Artifactory Repository URL
Code, Give me some sample code of Artifact Latest Version
Code, Code example of Artifact Latest Version ?
Code, Code of Artifact Latest Version
Code, Give me some sample code of Ansible Tower
Code, Code example of Ansible Tower ?
Code, Code of Ansible Tower
Code, Give me some sample code of Ansible Tower Onboarding
Code, Code example of Ansible Tower Onboarding ?
Code, Code of Ansible Tower Onboarding
Code, Give me some sample code of Ansible
Code, Code example of Ansible ?
Code, Code of Ansible
Code, Give me some sample code of Ansible vault
Code, Code example of Ansible vault ?
Code, Code of Ansible vault
Code, Give me some sample code of Ansible Tower UAT
Code, Code example of Ansible Tower UAT ?
Code, Code of Ansible Tower UAT
Code, Give me some sample code of Ansible Tower Dev
Code, Code example of Ansible Tower Dev ?
Code, Code of Ansible Tower Dev
Code, Give me some sample code of Jenkins
Code, Code example of Jenkins ?
Code, Code of Jenkins
Code, Give me some sample code of Jenkins Pipeline
Code, Code example of Jenkins Pipeline ?
Code, Code of Jenkins Pipeline
Code, Give me some sample code of Jenkins Pipelien Onboarding
Code, Code example of Jenkins Pipelien Onboarding ?
Code, Code of Jenkins Pipelien Onboarding
Code, Give me some sample code of Jenkins File
Code, Code example of Jenkins File ?
Code, Code of Jenkins File
Code, Give me some sample code of Jenkins pipeline for gradle
Code, Code example of Jenkins pipeline for gradle ?
Code, Code of Jenkins pipeline for gradle
Code, Give me some sample code of Jenkins pipeline for Maven
Code, Code example of Jenkins pipeline for Maven ?
Code, Code of Jenkins pipeline for Maven
Code, Give me some sample code of Jenkins pipeline for Ant
Code, Code example of Jenkins pipeline for Ant ?
Code, Code of Jenkins pipeline for Ant
Code, Give me some sample code of Jenkins pipeline for SBT
Code, Code example of Jenkins pipeline for SBT ?
Code, Code of Jenkins pipeline for SBT
Code, Give me some sample code of Jenkins pipeline for .NET
Code, Code example of Jenkins pipeline for .NET ?
Code, Code of Jenkins pipeline for .NET
Code, Give me some sample code of Jenkins pipeline for Node
Code, Code example of Jenkins pipeline for Node ?
Code, Code of Jenkins pipeline for Node
Code, Give me some sample code of Software Product Key
Code, Code example of Software Product Key ?
Code, Code of Software Product Key
Code, Give me some sample code of SPK
Code, Code example of SPK ?
Code, Code of SPK
Code, Give me some sample code of Onboarding of SCALA application
Code, Code example of Onboarding of SCALA application ?
Code, Code of Onboarding of SCALA application
Code, Give me some sample code of Onboarding of JAVA application
Code, Code example of Onboarding of JAVA application ?
Code, Code of Onboarding of JAVA application
Code, Give me some sample code of Deploy application
Code, Code example of Deploy application ?
Code, Code of Deploy application
Code, Give me some sample code of Trigger build job
Code, Code example of Trigger build job ?
Code, Code of Trigger build job
Code, Give me some sample code of Onboarding Process for an application
Code, Code example of Onboarding Process for an application ?
Code, Code of Onboarding Process for an application
Code, Give me some sample code of Jira
Code, Code example of Jira ?
Code, Code of Jira
Code, Give me some sample code of Create Jira ticket
Code, Code example of Create Jira ticket ?
Code, Code of Create Jira ticket
Code, Give me some sample code of Edit Jira ticket
Code, Code example of Edit Jira ticket ?
Code, Code of Edit Jira ticket
